ARTISTA,TITULO,DURACION
LOS GRANADIANS,ROCKSTEADY BIRTHDAY,00:02:45
LITTLE WILLIE JOHN,DON´T PLAY WITH LOVE,00:02:44
JOE TEX,SHE´S MINE,00:02:21
"EL PAULING, THE ROYALTON",SOLID ROCK,00:02:18
LULA REED + FREDDY KING,YOU CAN´T HIDE,00:03:01
OTIS REDDING,SHOUT BAMALAMA,00:01:57
THE VALENTINES,THAT´S IT MAN,00:02:50
BILL DOGGET,HOLD IT,00:02:34
PERRY & THE HARMONICS,DO THE MONKEY WITH JAMES,00:02:56
DELLA REESE,IT WAS A VERY GOOD YEAR (LIVE),00:02:57
MARLENA SHAW,LET´S WADE IN THE WATER,00:03:34
JOE BATAAN,CHIK-A-BOOM,00:03:46
DON FARDON,I´M ALIVE,00:02:31
LOS RETROVISORES,SOY LIBRE,00:02:45
THE CHERRY BOPPERS,EL PATETICO,00:03:42
KOKO-JEAN AND THE TONICS,SHE PUT A SPELL ON ME,00:02:20
MAMBO JAMBO ARKESTRA,EL TIMO,00:03:10
MIKE SANCHES & THE LIMBOOS,LET THEM ROCK,00:01:57
DANI NEL-LO,MERCY,00:02:00
LOS SAXOS DEL AVERNO + ADRIAN COSTA,DEVIL INSIDE,00:03:23
TT SYNDICATE,ONE NIGHT STANDS,00:02:35
MIA VERGARA,MR DOCTOR,00:02:38
TITO RAMIREZ,LONELY MAN,00:02:50
MANNY BOWSMUND & TITO RAMIREZ,EL GOLPE,00:02:33
THE SANITIZERS,SA-NI-TI-ZIN,00:02:57
LOS TORONTOS,MI AMOR ESRES TU,00:01:39
THE NEW PICCADILLYS,JUDY IS A PUNK,00:01:50
RAY COLLINS HOT CLUB,BAREFOOT,00:02:57
THE PRIVATES HAMMOND ORCHESTRA,THE BATTLE OF THE YOKER,00:04:11
THE BOOGALOO INVESTIGATORS,LET´S WORK A WHILE,00:03:32
JOSEPH HENRY,WHO´S THE KING (YOU KNOW IT´S ME),00:03:04
THE FANTASTICS!,SOUL CHILD,00:03:55
THE POETS OF RYTHM,PRACTICE WHAT YOU PREACH,00:03:27
BREAKESTRA,LITTLE MISS FUNKY SOLE,00:04:29
THE DIPLOMATS OF SOLID SOUND,LOAF AND JUG,00:02:16
THE DELTA RYTHM SECTION ,THE GETAWAY,00:02:59
CALIBRO,CLBR 35,00:03:39
THE NEW MASTERSOUNDS,BUTTER (FOR YO POPCORN),00:02:27
SVEN HAMMOND,SVOOGALOO,00:04:54
THE SOUND STYLISITICS,THE PLAYER´S THEME,00:04:47
THIRD COAST KINGS,JUST MOVE,00:03:40
SPEEDOMETER,WORK IT OUT,00:03:04
THE PC´S LTD,FAST MAN,00:02:40
COOKIN´ON THREE BURNERS,SETTLE THE SCORE feat. KYLIE AULDLIST,00:04:06
SHARON JONES & THE DAP KINGS,MATTER OF TIME,00:03:22
ANAUT,BLACK IS BLACK,00:03:25
MARTA REN & THE GROOVELETTES,I´M NOT YOUR REGULAR WOMAN,00:02:39
SVEN HAMMOND,SPINNING OUT,00:03:25
JC BROOKS & THE UPTOWN SOUND,I AM TRYING TO BREAK YOUR HEART,00:03:33
THE HAWK,DON´T JUDGE A BOOK BY ITS COVER,00:03:21
TANIKA CHARLES,ENDLESS CHAIN,00:03:49
BETTY WRIGHT,THAT MAN OF MINE,00:03:25
THE BRAND NEW HEAVIES,GETAWAY,00:03:31
NIÑATO,ARMONÍA,00:03:41
Gentlement’s Agreement ,All Good Things,00:02:36
Hipbone Slim,Birdman,00:02:52
Les Braqueurs,The Smart Mob,00:02:20
MFC Chicken,Colonel Sanders' Bastard Son,00:02:42
Imperial Surfers,All I Ever Want Is] Girls,00:02:28
The Peawees,When You Walk on My Pride,00:02:21
JD McPherson,Fire Bug,00:02:16
The Cavemen Five,I've Been Waitin',00:02:10
The Fuzillis,Beaver Shot,00:01:55
Hipbone Slim & His The Kneetremblers,Git It,00:02:24
Los Mambo Jambo & Barrence Whitfield,Jackeline,00:02:03
Sir Bald Diddley and his Ripcurls,Hipsville,00:02:38
The Barbwires,The Biggest Wave,00:02:16
Jackie And The Cedrics,Scalping Party,00:02:32
The Neatbeats,Road-Hug Rubber,00:02:24
The Kaisers,Whatcha Say?,00:02:08
Sir Bald Diddley and his Ripcurls,Close Shave,00:02:20
The Zombie Valentines,Black Mamba,00:02:45
The Phantom Dragsters,Devil Race,00:02:48
DIEGO CRUZ,I'M FEELING ALONE AGAIN,00:02:30
Rhythm Shakers,Senior Class,00:03:30
The Wise Guyz,Do It Bop,00:03:04
Little Rachel,Panic Attack,00:02:09
Arsen Roulette,Quantum Leap,00:02:03
Almon Loos & The Hoop n' Hollers,Hypnotized,00:02:58
Scotty Baker,C'mon And Fight Me,00:02:30
Lord Rochester,Crawdad,00:02:25
Mike Sanchez & the Limboos,Let Em Rock!,00:01:57
The Dragtones,The Devil Inside,00:02:35
MFC CHICKEN,Lucille (Live),00:02:05
Maximum Zeros,River Deep Mountain High,00:03:49
LOS GLURPS,"NO QUIERO,NO PUEDO",00:02:20
Thee Vicars,Gonna See Me Again,00:02:32
The Thunderbeats,I Wanna Take You Down,00:02:41
Lyres,Don't Give It Up Now,00:04:08
Firebeats LTD.,I Can't Find Nobody,00:01:59
Satelliters,Lost in Time ,00:03:09
The Premonitions,She Took My Heart and Soul,00:04:22
The Baron Four,I Don't Mind,00:02:56
Mega Purple Sex Toy Kit,Your song,00:02:40
The Routes,Do What's Right By You,00:02:40
Las Munjitas del Fuzz,Es el 69,00:02:15
Wau y los Arrrghs!!!,Maldita,00:01:58
Beat Seeking Missles,Break My Fall,00:03:09
Schizophonics,In Mono,00:03:50
Air,The Fuzz,00:02:06
Zelators,One Way Lover,00:03:12
The Tripwires,C'Mon And Swim,00:02:50
Los Chicos,We Sound Amazing but we look like,00:02:37
Los DelTonos,[Soy un] Hombre enfermo,00:02:43
Imperial State Electric,Messin' With The Kid,00:03:10
The Objects,Highly Strung,00:02:30
The Hives,Walk Idiot Walk,00:03:40
Electric Frankenstein,Can't Keep A Bad Man Down,00:02:49
The Government,Phd on Beat,0:3.15
The Pulsebeats,Don´t turn your fucking back on me,00:02:10
Terbutalina,Goodbye neuronas,00:02:04
The Dealers,My Little Gem,00:02:28
THEE BLIND CROWS,LIKE A STORM,00:01:47
Sandré,Presión,00:02:56
La Moto De Fernan,Chica Joven,00:01:54
The Neanderthals,Hey GoGo,00:01:53
The Neanderthals,Be True To Your School,00:02:04
Firebeats LTD.,Hemmenling Agent,00:01:59
The Phantom Keys,Gloria´s Nightmare,00:03:04
Pow Pow Pows,Apocalipsis Matinal,00:02:45
Fogbound,Edward Divine,00:03:16
The Embrooks,Jack,00:03:59
The Black Lips,Stuck In My mind,00:01:55
The Breadmakers,Magic Touch,00:02:19
The Aftermaths,Dull Boy,00:02:53
The Wildebeests,One Minute´s Time,00:02:48
The Model Rockets,Calling Panther Lake,00:02:31
The Full Time Men,I´m Gonna Have Fun,00:02:43
Irmans,Hermano,00:03:20
The Coyote men,White Lightning,00:03:15
Pelomono,La Danza De La Cobra,00:03:45
JC BROOKS,I´M TRYING TO BREAK YOUR HEART,00:03:29
JR WALKER  & THE ALL STARS,BUCKER UP BUTTERCUP,00:03:17
Hannah Williams & The Affirmations,50 Foot Woman,00:03:44
Tanika Charles,Endless Chain,00:03:16
The HAWK feat Little Hannah Collins,Don't judge a book by its cover,00:03:39
The New Mastersounds,Your Love Is Mine (Nostalgia 77 Remix) [feat. Corinne Bailey Rae],00:03:20
THE RIGHT ONS ,WAITING FOR THE MAN,00:04:30
RAY LUGO'S L.E.S. EXPRESS,"Love Me Good"" (Feat. Roxie Ray)",00:03:00
KOKOLO,"Afrika Man"" (Diesler Remix)",00:03:51
Floyd Lawson & The Hearts of Stone,Air I breathe,00:02:02
One Pac & Fellows,KELENGETTI,00:05:00
SARAVAH SOUL,SUPERSOSSEGO (INSTRUMENTAL),00:04:35
The Sound Stylistics,Put It In The Pocket,00:03:35
 Baker Brothers,once I had a friend,00:04:11
THE SWEET VANDALS ,FEEL ALIVE,00:04:14
Gizelle Smith,une (TM Juke Remix),00:03:52
FUNDACION TONY MANERO,Paquito's Way (En Vivo),00:04:43
THE WOGGLES,TRUE KINGS OF ROCK AND SOUL,00:02:58
LOS RETROVISORES,MUSIC MAN,00:02:45
THE VALENTINES,"THAT'S IT, MAN",00:02:52
CHUBBY CHECKER,KARATE MONKEY,00:02:46
MARTA HIGH,ANSWER TO MOTHER POPCORN,00:03:28
GARLAND GREEN,I QUIT RUNNING THE STREETS,00:03:16
GIZELLE SMITH,JUNE (TM REMIX),00:03:52
IKAH &THE SOUL COMMANDERS,SO SWEET,00:05:02
ATTICA REVOLUTION,GIMME SOME LOVE,00:03:14
BAKER BROTHERS,ONCE I HAD A FRIEND,00:04:12
DAWN PENN,"NO, NO, NO",00:04:00
DANI NEL-LO,MERCY,00:02:54
THE BLUEBEATERS,TOXIC,00:03:18
THE MIGHTY MEGATONS,ATOMIC BOMB,00:02:46
THE FUZILLIS,PIZZA SURE IS GOOD,00:02:22
MFC CHICKEN,LUCILLE (LIVE),00:02:06
ROBERT GORDON,ROCK BILLY BOOGIE,00:02:35
LOS CHICOS,TREAT HER RIGHT,00:03:09
MAMBO JAMBO ARKESTRA,EL TIMO,00:03:11
LOS FULANOS,BLUE MONDAY,00:03:28
LONDON AFROBEAT COLLECTIVE,POWER TO THE WOMEN,00:04:19
ESKORZO AFROBEAT EXPERIENCE,ROFOROFO FIGHT,00:03:49
SARAVAH SOUL,FIRE,00:03:36
TRIO VALORE,REHAB,00:03:15
The Sound Stylistics,THE PLAYER'S THEME,00:04:47
KOKOLO,SOUL POWER,00:03:05
SARAVAH SOUL,SUPERSOSSEGO (INSTRUMENTAL),00:04:54
BABY CHARLES,I BET YOU LOOK GOOD ON THE DANCEFLOOR ,00:04:31
R de RUMBA & PORCEL ,GORDO FUNK,00:03:29
HIPNOTIK ORCHESTRA,AFYER 4 pm,00:03:52
DOJO CUTS,UPTIGHT,00:03:25
THE NEW MASTERSOUNDS,CAN YOU GET IT (REMIX),00:02:47
MARTHA HIGH & DJ TONER,WE ARE ONE,00:03:22
ANDY COOPER & DJ FORMAT,GET ON THAT (RE-LAYERED),00:03:29
BREAKESTRA,LITTLE MISS FUNKY SOLE,00:04:40
FLOYD LAWSON & THE HEARTS OF STONE,AIR I BREATH,00:03:48
POWER TO THE PEOPLE,POWER TO THE PEOPLE,00:04:31
Pelomono,La Danza de la Cobra,00:03:54
The Trash-Tornados,Psychotic Reaction,00:03:25
Doctor Explosion,"Soy un Truhán, Soy un Señor",00:03:52
Daddy Long Legs,Evi Eye,00:03:49
Guadalupe Plata ,Sácalo Sácalo,00:01:19
MFC Chicken ,Lucille,00:02:43
The Fuzillis,Dear Dad,00:01:51
The Sanitizers,Ee-no-cu-lashon,00:01:59
The Beat From Plookaville,Sinner Not A Saint,00:03:08
THE RIGHT ONS,I'M WAITING FOR THE MAN,00:03:30
Sir Bald Diddley & His Ripcurls,Hipsville,00:02:38
The Barbwires,The Biggest Wave,00:02:15
Mike Barbwire & 13th Magic Skull,Night Terror,00:03:21
The Phantom Dragsters,Kosmokrator (Destination Venus),00:01:33
Imperial Surfers ,Twichin´,00:02:02
The Schizophonics,Black to Comm,00:03:22
Sir Coyler & His Asthmatic Band,Invincible Blues,00:02:13
ATOMIC SUPLEX,Who Do You Love?,00:02:09
The Rythm Shakers ,Shake your Hips,00:03:55
Junior Marvel,Marijuana Boogie,00:03:24
Almon Loos & The Hoop n´Hollers,Gettin´Loos,00:02:58
Robert Gordon,ROCK BILLY BOOGIE,00:02:34
Status Quo ,Caroline,00:04:19
Imperial State Electric,Messin' With The Kid (Junior Wells cover),00:03:10
Electric Frankenstein,Can't keep a bad man down,00:02:49
The Objects,(Are You) Still Movin´?,00:03:27
The Hives,Walk Idiot Walk,00:03:41
Los Chicos,Wreckin´Rome,00:03:34
Los Ronaldos,Siesta de alcohol ,00:03:45
Los Deltonos,Nadie Me Conoce,00:02:44
The Government,The Pusherman (Curtis Mayfield Cover),00:03:15
Terbutalina,Orujo/Brujeria,00:02:09
Fundacion Francisco Frankenstein,Voy a Ser un Drogata,00:02:33
Thee Wylde Oscars,Funny As A Heart Attack,00:02:54
King Gizzard & The Lizzard Wizard,The Wholly Ghost,00:03:15
Black Lips,In & Out,00:02:11
The Mystery Lights ,Thick Skin,00:02:35
Coyote Men,White Lightning,00:03:15
Wau y los Arrrghs!!!,It´s Great,00:03:06
Los Glurps!!,La Criatura,00:02:18
Jay Reatard,Blood Visions,00:01:31
La Moto de Fernan,Chica Joven,00:01:55
Thee Blind Crows ,Voodoo rhythm,00:01:56
Aerobitch,What You're Gonna Do,00:01:25
Pelomono,La Danza de la Cobra,00:03:53
The Flowerz,Flyte,00:02:27
Johnny's Uncalled Four ,Please Say,00:02:40
We The People,My Brother The Man,00:02:10
Wead,By The Whey,00:02:20
Ruperts People,hold on,00:03:31
The Mystery Lights,Follow Me Home,00:03:20
The Phantom Keys ,Turn Black,00:02:27
The Ar-Kaics,Just My Life,00:02:56
Lyres,How Do You Know,00:03:14
The Satelliters,Lost In Time,00:03:09
The Carpet Sellers,Picture Of Mind,00:02:30
Thee Vicars ,You Lie,00:02:19
Pow Pow Pows,Apocalipsis matinal,00:02:39
Fogbound,Edward Devine,00:03:17
The Embrooks,Nightmare,00:03:13
The Rhubarb Triangle,67 Guilford Street,00:04:24
The Smoggers,"Please, Never Change",00:02:33
Wau y los Arrrghs,It's Great,00:03:06
Doctor Explosion,Sucio Roberto,00:02:04
The Woggles,Los Angeles No Nitseimatsuri,00:03:00
Los Chavales,Viajare,00:02:50
Sister Cookie & The Soulful Orchestra,Where is my money,00:03:08
The Cavemen Five,Sorry 'Bout That,00:02:01
THE SANITIZERS,"Kiss Me, I'm Vaccinated",00:02:58
The Fuzillis,Dear Dad,00:01:50
Chandler and The Chasers,Promise Land,00:02:50
Hipbone Slim & The Kneetremblers,Show Me,00:02:43
Robert Gordon,Rock Billy Boogie,00:02:33
Stray Cats,Rock This Town,00:02:44
The HiTones,Night Of Love,00:02:30
La Perra Blanco,My teeth are falling,00:02:20
Breakin' Bones,Straight To Hell,00:02:10
Aullido Atómico,El Tren Negro (Tiny Bradshow Cover),00:02:10
The Rhythm Shakers,Shake your Hips,00:03:55
Luis & the Wildfires,No me trates mal (Baby Please Don't Go),00:02:15
Bloodshot Bill,You Want It,00:02:16
Juke Boy Barkus & Baldie McGhee,Take Five - (Hound Dog Taylor),00:01:55
Mike Sanchez & the Limboos,Just a Game,00:02:44
Los Straitjackets & Big Sandy,Big Sandy To The Rescue,00:02:40
The Dragtones,Scream/Gritar,00:02:42
The Objects,Are You (Still Movin'),00:03:30
Los Chicos,Wreckin Rome (feat. Johnny Casino),00:03:54
Las Munjitas del Fuzz,Mala Mujer,00:02:15
LOS GLURPS,No Estoy Muerto ,00:01:54
Autoramas,Carinha Triste,00:02:52
The Master Plan,Find Something Beautiful,00:02:42
Doctor Explosión,Young Blood,00:01:29
The Schizophonics,In Mono,00:03:50
Sir Coyler and His Asthmatic Band,Invincible Blues,00:02:12
Fundación Francisco Frankenstein,Voy a Ser un Drogata,00:02:32
Los Perlas,Heroina,00:02:20
Nave Nodriza,Amor de mierda,00:01:51
La Moto de Fernan,Los Hijos del Metrakit,00:01:40
JD McPherson,Fire bug,00:02:31
The Kongsmen,You are bound to look like a monkey when you grow old,00:02:17
The Woggles,True kings of Tock & Soul,00:02:57
Muck and the Mires,Take me back to Planet Earth,00:02:46
MFC Chicken,Luciile,00:02:06
The Fuzillis,Pizza sure is good,00:02:21
The Dustaphonics,De puta madre,00:02:21
Los Wavy Gravies,Silly Sally,00:01:53
Los Smoggers,You´ll really go,00:03:51
Las Munjitas del Fuzz,Pecado,00:02:15
Dead Faces,Likwe faces often do,00:01:22
Doctor Explosion,Sucio Roberto,00:02:05
The Mortals,Atomic Cocktail,00:01:53
The Makers,The Jerome tree,00:02:18
Los Chicos,Wrecking Rome,00:03:34
Lupers,Haz el Trump,00:01:56
Fundacion Francsco Frankenstein,Voy a ser un drogata,00:02:33
Los Retumbes,Cansado de esperar,00:01:58
Gene Taylor,The golden rule,00:03:39
Mike Sanchez & The Limboos,Just a game,00:02:45
The Milestones,You can't make love to somebody,00:03:02
Hipbone Slim and the Kneetremblers,The twitch,00:02:20
The Cowslingers,"Strip bars, liqueur and fireworks",00:01:57
Southern Culture on the Skids,Moonshine martinis,00:01:53
Hombre Lobo Internacional,Shake that ass for me,00:02:03
The Beat From Palookaville,Sinner not a saint,00:03:07
The Brand New Heavies,Getaway,00:03:32
RdeRumba & Porcel ,Viva el funk,00:04:02
Sweet Vandals,Feel alive,00:04:06
Power To The People,Power To The People,00:04:31
Fundacion Tony Manero,T.F.P (Tropical Funky President),00:04:35
Breakestra ,Lowdon stank,00:06:42
Marlena Shaw,California Soul,00:02:58
Linda Lyndell ,What a man,00:02:42
ETTA JAMES ,STEAL AWAY,00:02:24
Carol Ford,Your Well Run Dry,00:02:39
ke & Tina Turner,Get It - Get It! ,00:03:35
Otis Redding,Hard To Handle,00:02:17
Little Sonny ,Stretchin Out,00:02:57
James Brown ,The Chicken,00:02:49
Willy Wright And His Sparkles,"Gibble, Gobble (R&B Hipshakers vol 1)",00:02:19
Perry & The Harmonics,Do The Monkey With James,00:02:56
The Valentines,That´s It Man (R&B Hipshakers vol 1),00:02:49
The El-Cobras,Oh Yeah (Twistin´Rumble vol. 2),00:02:06
The James Hunter Six,Talkin' 'Bout My Love ,00:03:50
The Ambertones,Cruise (Twistin´Rumble vol. 2),00:02:07
Barbara Lynn,You Don't Sleep At Night,00:02:25
Nick Ashford,I Don't Need No Doctor (Twistin´Rumble vol. 1),00:02:25
Hank Ballard,What´s Your Name (R&B Hipshakers vol 2),00:02:33
Lula Reed · Freddy King,You Can't Hide (R&B Hipshakers vol 4),00:03:03
Little Richard ,Rip It Up,00:02:20
Koko-Jean & The Tonics · Dani Nel·lo,She Put a Spell on Me,00:02:19
Lewis Clark ,DOG (Ain't A Man's Best Friend) (Dowtown Soulville),00:02:20
Junior Wells,Girl You Lit My Fire,00:02:01
Johnny Sayles,I Can't Get Enough (Dowtown Soulville),00:02:30
Jackie Lee,The Duck,00:02:23
Floyd Smith,Soul Strut (Dowtown Soulville),00:02:41
Rufus Thomas,(Do the) Push and Pull (Part 1),00:03:15
The Emperors,Karate,00:02:35
Marsha Gee,Peanut Duck,00:02:40
Chuck Edwards,Downtown Soulville (Dowtown Soulville),00:02:23
Little Milton,Grits Ain't Groceries (All Around The World),00:02:42
Chubby Checker,Karate Monkey,00:02:46
Jr. Walker & The All Stars,Pucker Up Buttercup,00:03:16
100 Proof Aged in Soul,Somebody's Been Sleeping in My Bed,00:04:14
Sam & Dave ,Soul Man,00:02:36
Stevie Wonder ,You Cant JUdge A Book By Its Cover,00:02:34
Salt,I Can´t Believe,00:02:27
Bobby Powell,Question '71 ,00:02:44
Cornelius Brothers & Sister Rose,Treat Her Like A Lady,00:02:41
Ripple,I Dont Know What It Is But Sure Is Funky,00:03:27
Lyn Collins,Think (About It),00:03:25
Martha High,Answer to Mother Popcorn,00:03:28
James Brown ,(Let A MAn Come In And) Do The Popcorn,00:03:16
Maceo and the Macs,Parrty (Part 1.),00:03:23
EXPLOSIONS WITH JUANITA BROOKS,Garden Of Four Trees,00:02:42
The Isley Brothers,I Know Who You Been Sockin It To,00:02:44
Chuck Carbo and The Soul Finders,Can I Be Your Squeeze?,00:02:27
All the People feat. Robert Moore,Cramp Your Style,00:02:16
The Bar-Kays,Sang And Dance,00:02:58
Sly & The Family Stone,Dance To THe Music,00:03:01
THE PC'S LTD.,Fast Man (booty man),00:02:42
Joseph Henry ,Who´s The King,00:03:04
The Fantastics !,Soul Child,00:03:57
The Poets of Rhythm,Practice What You Preach,00:03:27
Speedometer,Work It Out ,00:03:08
JC Brooks ,Get It Together,00:03:00
The Sweet Vandals,Feel Alive,00:04:16
The Agapornis,Down By The River,00:04:19
Marta Ren & The Groovelvets,I'm Not Your Regular Woman,00:02:50
The New Mastersounds · Corinne Bailey Rae,Your Love Is Mine,00:04:01
Sharon Jones & the Dap-Kings,Matter of Time,00:03:25
Cookin´On Three Burners,Settle The Score,00:04:03
Third Coast Kings,Just Move,00:03:42
Dojo Cuts,Uptight (feat. Roxie Ray),00:03:25
Gizelle Smith,June,00:03:33
The Baker Brothers,Once i had a friend,00:04:09
ANAUT,BLACK IS BLACK,00:03:44
The Cherry Boppers,El Patético,00:03:42
Sven Hammond ft. Sherry Dyanne,Spinning Out,00:03:25
Breakestra,Lowdown Stank,00:06:42
Brand New Heavies,Getaway,00:03:31
Ottis Reading,Try A Little Tenderness,00:03:20
Carol Ford ,Your Well Run Dry,00:02:21
ETTA JAMES ,Somewthing´s got a hold on me,00:02:49
MFC Chcicken & Sister Cookie,I Just WAnt To Make Love To You,00:02:57
Jo Ann & Troy,Who Do You Love,00:02:03
The Trippers,Keep on Knockin´,00:02:05
Ray Chares,I don´t need no doctor,00:02:33
Otis Redding,shake,00:02:30
Marlena Shaw,Let´s Wade In The Water,00:02:58
Della Reese ,It Was A Very Good Year,00:03:21
? & The Misterians,I Cant´t Get Enough of You Baby,00:02:05
Mia Vergara ,Mr Doctor,00:02:37
The Limboos,I need your Lovin,00:04:00
Paul Wayne ,That´s Allright,00:01:47
Tito Ramirez,La Bellaquera,00:03:00
Manny Bowsman feat. Tito Ramirez,El Golpe,00:02:42
Sister Cookie,Where Is My Money,00:03:08
The JBs,The Rabbit Got The Gun,00:02:48
James Brown ,The Popcron,00:03:07
James Brown ,Get Up I Fell Like A Sex Machine,00:02:36
The Boogaloo Investigators,Let´s Work A While,00:03:32
Baby Charles,The Dance Floor,00:04:31
Binky Griptite,The Stroll,00:03:08
Sharon Jones,Got To Be The Way It Is,00:03:08
Saravah Soul,Nao Posso Te Levar Ao Serio,00:04:21
Breakestra,"Deuces Up, Double Down",00:04:36
The Cherry Boppers,Yo No necesito un Doctor,00:03:42
The Right Ons ,I´m Waiting For The Man,00:03:30
Little Emmet Sutton,You Teach To Monkey,00:02:48
King Solomon,New Figure,00:02:48
Marlena Shaw,Wade IN The Water,00:02:58
Marvin & Johnny,Baby You Are The One,00:02:33
Harvey Fuqua,Ant WAy You Wanta,00:02:47
Mel Torrmé,Comin´Home Baby,00:02:46
LaBrenda Ben,The Chaperone,00:02:44
Charles Sheffield,It´s Your Voodoo Workin,00:01:49
Della Reese,It Was A Very Good Year,00:03:21
Marlena Shaw,Let´s WAde In The Water,00:03:25
Larry Davis,I´ve Been Hurt So Many Times,00:03:15
Arthur K Adams,Let Your Hair Down,00:02:45
Jimmy Holiday,The New Breed,00:02:38
Big Mama Thornton,Me And My Chauffeur,00:02:30
Booker T,Take Off Your Shoes (Pt 2),00:03:11
Sandy Nelson,The Charge,00:02:03
The Meters,Sing A Simple Song,00:03:06
R de Rumba & Porcel,Viva El Funk,00:04:02
Funkadelic,Hit It And Quit It,00:03:52
Saravah Soul,Fire,00:03:36
The Cherry Boppers,Black Lolita,00:03:19
Sound Stylistics,Player´s Theme,00:04:47
Paul Revere & The Riders,Good Thing,00:03:05
The Kingsmen,Louie Louie,00:02:46
Lady Dottie & The Diamonds,Have Love Will Travel,00:03:05
MFC Chicken,Lucille,00:02:05
The Fuzillis ,Pizza Sure Is Good,00:02:39
Los Wavy Gravies,Silly Sally,00:01:54
Sir Bald y Los Hairies,Rock & Roll is Gonna Kill You,00:02:09
The Kaisers,Monkey Train,00:02:14
Sir Bald Diddley And His Ripcurls,Hipsville,00:02:39
Los Sencillos,Flamenco,00:02:01
Andres Do Barro ,A Rapaciña Chora,00:02:18
Ian Kay,The Clown,00:03:22
Los Moustros ,Dame Un Poco De Tu Amor,00:02:42
Los Canarios,Get On Your Knees,00:02:31
Los retrovisores,Me Olvide De Ti,00:04:08
Eli Paperboy Reed ,Ace Of Spades,00:02:43
Mambo Jambo Arkestra,El Timo,00:03:10
La Perra Blanco ,Rock Me Babe,00:02:49
Nikki Hill,Strapped To The Beat,00:02:59
JD McPherson,Fire Bug,00:02:31
Junior Marvel,Marijuana Boogie,00:03:28
Luis & the Wildfires,No me trates mal (Baby Please Don't Go),00:02:16
The Wead,By The Way,00:02:30
Knickerbockers,Lies,00:02:47
The Leaves,Hey Joe,00:02:53
The Count Five,Psychotic Reaction,00:03:06
Peawees,Don´t Look Back,00:02:10
The Vicars ,You Lie,00:02:19
Los Glurps,Gentleman,00:03:06
Doctor Explosion,Eres Feo Chaval,00:02:08
Las Munjitas del Fuzz,Es El 69,00:02:11
Autoramas,Carinha Triste,00:02:53
The Dragtones,Devil Inside,00:02:40
The Routes ,I Tried So Hard,00:02:48
Schizophonics,Black To Comm,00:03:22
Thee Blind Crows,Do The JUngle,00:02:04
Nave Nodriza ,Amor de Mierda,00:01:52
La Moto De Fernan,Chica Joven,00:01:55
Sandre,Presion,00:02:57
Private Function,I´m This Far Away Of Being The Worse...,00:01:46
Amyl &. The Sniffers,I Got You,00:02:21
Lupers,Haz El Trump,00:01:56
Fundacion Francisco Frankenstein,Voy A Ser Un Drogata,00:02:33
Terbutalina,Goodbye Neuronas,00:02:05
Enamorados,Chaqueta De Cuero,00:02:16
Lie Detectors,Pinchalo,00:03:19
Los Perlas,Hola Mi Amor,00:02:44
D.M.B.K,Las Leyes De La Frontera,00:03:44
Loose Lips,One More Chance,00:02:27
Model Rockets,Calling Panther Lake,00:02:31
The Government,Pusherman,00:03:16
Imperial State Electric,Messin´With TRhe KId,00:03:10
Los Deltonos,Soy Un Hombre Enfermo,00:02:44
Tino Casal,Eloise,
Al Green,Call Me (Come Back Home),00:03:03
Linda Lyndell ,What a man (Super Breaks vol. 1),00:02:42
Little Emmet Sutton,You Teach To Monkey (R&B Hipshakers vol 1),00:02:48
King Solomon,New Figure (New Breed R&B),00:02:48
Carol Ford,Your Well Run Dry (R&B Hipshakers vol 1),00:02:39
Marvin & Johnny,Baby You Are The One (New Breed),00:02:33
Harvey Fuqua,Ant WAy You Wanta (Northern Soul All Nighter),00:02:47
Mel Torrmé,Comin´Home Baby (Northern Soul All Nighter),00:02:46
LaBrenda Ben,The Chaperone (Northern Soul All Nighter),00:02:44
Charles Sheffield,It´s Your Voodoo Workin (Northern Soul All Nighter),00:01:49
Eddie Floyd,Knock On Wood,00:03:09
The Four Tops,Reach Out I'll Be There,00:02:53
Wilson Pickett,Mini Skirt Minnie,00:02:59
Joe Tex,We Can't Sit Down Now (Various – Hits & Soul 7),00:03:43
Aretha Franklin,Satisfaction,00:02:40
Larry Davis,I´ve Been Hurt So Many Times (New Breed R&B),00:03:15
Arthur K Adams,Let Your Hair Down (New Breed R&B),00:02:45
Percy Sledge ,Put A Lovin´On Me,00:02:42
Solomon Burke,Save It (Hits & Soul 5),00:02:23
Garland Green,I've Quit Running the Streets ,00:02:55
Four Tops,Love (Is The Answer),00:02:26
Tom Jones,Dance of Love (Tom Jones),00:02:23
The Ossie Layne Show,Higher and Higher (Sensacional Soul vol. 2),00:03:57
Little Milton,Grits ain`t groceries,00:02:42
Jimmy Holiday,The New Breed (New Breed R&B),00:02:38
Leslie Uggams,"River Deep, Mountain High (Various – Hits & Soul 5)",00:02:47
Booker T,Take Off Your Shoes (Pt 2) (New Breed R&B),00:03:11
Sir Mack Rice,Love's A Mother Brother,00:02:25
The Mightt Hannibal,Good Time,00:02:50
The Capitols,"Soul Brother, Soul Sister (Hits & Soul 7)",00:02:54
Arthur Conley ,	Funky Street,00:02:26
All the People feat. Robert Moore,Cramp Your Style (Super Breaks vol. 2),00:02:16
Sam Mosley,You've Got It,00:02:34
Baby Charles,Back of My Hand,00:03:42
The Loved Ones,You Better Do Right ,00:03:16
The Premonitions,I'll Make You Happy,00:02:50
The Cynics,"Girl, You're On My Mind",00:02:11
Hollywood Sinners,Todo el mundo haciendo el down,00:01:55
The Vine ,Ride,00:02:43
THE THUNDERBEATS,Make You Mine,00:02:49
Cyanide Pills,Apathy,00:01:39
The Fleshtones,Gotta Get Away (Stones Cover),00:03:13
Subsonics,Frankenstein,00:03:05
The Sonics,The Witch ,00:02:41
Autoramas,Quando a Polícia Chegar,00:02:26
Los Pepes,The Trap,00:02:59
The Smoggers,Recuerdes para Mi,00:02:28
The Mystery Lights,Thick Skin,00:04:08
WEIRD OMEN,Problem In Your Brain,00:02:32
Thee Braindrops,Lorraine,00:02:12
The Cramps,Human Fly,00:02:17
Suicide Generation,Shitty In The City,00:02:43
Automatic Lovers,Boston Brats,00:03:24
Danger,Too Bad (For You),00:02:33
STIFF RICHARDS,DIG,00:03:54
HAIRY NIPPLES,Basement tapes,00:02:45
SINCIDERS,Powdered Shit,00:01:41
Sir Bald y Los Hairies,Shakin' the Bacon,00:02:16
The Peawees,Banana Tree,00:03:02
Muck and the Mires,Saturday Let Me Down Again (Q-Dee Version),00:03:15
Los Zinkos,Tú mandas en mí,00:02:26
Los Saicos,Demolición,00:02:54
Los Moustros del Espacio Exterior,Mi Traje Nuevo,00:02:08
Loose Lips,Hungry Heart,00:02:34
Las Señoritas Estrechas,Lara,00:02:27
Enamorados,Chaqueta de Cuero,00:02:17
Doctor Explosion & Jaime Urrutia,Pitusa,00:02:27
Hombre Lobo Internacional,"Drink It Up, Shake It Up!",00:02:40
Bilk,Daydreamer,00:03:45
Parquesvr,Conchi,00:02:18
DUSTAPHONICS ,Johnny & Bo,00:02:43
The Bellrays,Ball of confusion,00:03:25
Private Function ,Evie Part 4,00:04:32
Los Chicos,Never Is Too Much,00:02:29
Amyl and the sniffers ,Bubblegum,00:03:32
Spencer Davis Group ,Gimme Some Lovin,00:03:00
The Kinks,You Really Got Me,00:02:14
The Beatles,Long Tall Sally,00:02:02
The Tripwires,C´mon and Swim,00:02:51
The New Piccadillys,Judy Is A Punk,00:01:44
The Neatbeats,Shake! Twist! Gravy!,00:02:29
The Fuzillis ,Pickle Swap,00:02:05
The Woggles,Slippin´out,00:02:50
The Maharajas,(Let´s) Play House,00:02:35
The Premonitions,I´ll Make You Happy,00:02:49
Firebeats LTD.,I Can´t Find Nobody,00:01:59
The Embrooks,Terry & Julie,00:03:04
The Loons,Daffodils Or Despair	,00:03:13
The Cynics,I Don´t Need You,00:01:31
Elton Motello,Jet Boy Jet Girl,00:03:11
The Rockets,Even Money,00:02:44
Vulpes,Me Gusta Ser Una Zorra,00:02:33
Nervous Eaters,No More Idols,00:02:30
Automatic Lovers,Boston Brats,00:03:22
The Chats,Struck By Lightning,00:03:22
Stiff Richards,GFC,00:02:10
Los Pepes,This Is Rock and Roll,00:02:43
Cyanide Pills,Apathy,00:01:38
The Mr T Experience,Tapin'Up My Heart,00:03:27
Enamorados,Chaqueta de Cuero,00:02:16
Deaf Devils,Boom,00:02:21
Cloaca,Directo Al Nicho,00:02:54
Sex Organs,Where Is My Dildo,00:02:43
The Zeros,They Say That (Everything's Alright),00:02:21
Manfred Mann,"Dealer, Dealer",00:02:37
The Rolling Stones,Money,00:02:32
The Monkees,I`m a Believer,00:02:45
Lady Dottie & The Diamonds,Have Love Will Travel,00:03:14
The Woggles,Karate Monkey,00:02:50
Imperial Surfers,Twitchin´,00:02:05
The Routes,Do What´s Right By You,00:02:28
Schizophonics,Rat Trap,00:02:16
The Loons,Don´t Make Me Wait,00:03:18
Doctor Explosión,No Puedo Reirme,00:02:39
Wau y los Arrrghs!!!,Viva Link Wray,00:02:20
Private Function,Yellow,00:03:36
Carolina Durante,Cayetano,00:02:50
The Hives,Walk Idiot Walk,00:03:51
Los Flechazos,No Sabes Bailar,00:02:02
Tino Casal,Eloise,00:05:28
THE KNICKERBOCKERS,LIES,00:02:49
Syndicate Of Sound,Rumors,00:02:07
The Sons Of Fred,Baby What Do You Want Me To Do ?,00:02:26
The Buddhas,Lost Innocence,00:02:18
The Rattles ,The Witch,00:02:34
Quests ,Shadows of Night,00:02:37
Wead,By The Whey,00:02:21
Ken & The Forth Dimension,Now You Say We're Through,00:02:01
The Low Spirits,Can't Love You Back,00:02:14
The Premonitions,She Took My Heart And Soul,00:04:23
The Loons,Don't Make Me Wait,00:03:18
The Woggles,Please Leave My Mind,00:02:39
The Satelliters,The Thing,00:02:45
Wyld Goons ,Doesn't Matter To Me,00:02:26
The Night Times,I'm Leaving You,00:03:07
The Somggers,You'll Really Go,00:03:52
The Phrogs,Baby I'm Gone,00:03:59
The Cybics,I Don't Need You,00:02:09
The Baron Four ,Walking Out,00:02:15
Glandula,El Ciervo,00:02:50
Las Gonadas,Motocarro,00:03:00
Los Malinches ,Hechicera,00:04:01
Los Iracundos,Ven Que Qestoy Hirviendo,00:02:04
Los Monjes,Mi Mami Dijo,00:02:12
Los Peyotes,El Humo Te Hace Mal,00:03:06
Los Glurps,No Quiero No Puedo,00:02:21
The Night Times feat. Juanito Wau,Yo Grito,00:02:26
Thee Braindrops,Lorraine,00:02:09
Los Sex Sex Sex,Algo Salvaje,00:02:34
The Subsonics,Frankenstein,00:02:56
WEIRD OMEN,Problem With Ur Brain,00:02:52
MFC Chicken,Lucille,00:02:06
Stompim' Riffraffs,Heavy Sick,00:02:05
The Tripwires,C'Mon And Swim,00:02:51
Las Munjitas Del Fuzz,Es El 69,00:02:20
Enamorados ,Chaqueta de Cuero,00:02:16
Vulpess,Me Gusta Ser Una Zorra,00:02:55
Nervous Eaters,No More Idols,00:02:52
The Undertones,Jimmy Jimmy,00:02:42
Sex Pistols,God Save The Queen,00:03:24
The Mr T experience,Tapin' Up My Heart,00:03:28
The Covids,Banned From The USA,00:02:44
Automatic Lovers,Boston brats,00:03:24
Los Chicos ,Wrecking Rome,00:03:35
Los Pepes,This Is Rock And Roll,00:02:46
Memo PST,Puzzle Piece,00:03:17
Deaf Devils,Boom,00:02:23
Adam West,Psycho Therapy,00:02:23
The Chats Struck By Lightning,Struck By Lightning,00:01:45
Stiff Richards,GFC,00:02:15
KC & The Sunshine Band,That's The Way I Like It,00:02:59
Arthur Conley ,AUNT DORA'S LOVE SOUL SHACK,00:02:50
DON COVAY,SOOKIE SOOKIE,00:02:46
BLACKBERRIES,TWIST & SHOUT,00:03:04
THE JACKSONS,BLAME IT ON THE BOOGIE,00:03:32
LEN BARRY,LIP SYNC,00:02:32
LEN BARRY,"AT THE HOP ""65""",00:02:45
RARE EARTH,GET READY,00:02:47
"EARTH, WIND & FIRE",SEPTEMBER,00:03:37
EDDY ROSEMOND,"WAKE UP AND MOVE ""FUNK IT""",00:03:50
THE INCREDIBLE BONGO BAND,BONGOLIA,00:02:14
THE SWEET VANDALS ,TOO MUCH,00:04:23
THE SOUL INMIGRANTS,SUNK WITH THE FUNK,00:03:43
BILLIE DAVIS,I WANT YOU TO BE MY BABY,00:02:36
ELMORE JAMES,SHAKE YOUR MONEY MAKER,00:02:30
THE MAR-KEYS,ONE DEGREE NORTH,00:01:58
BILLIE SWIVS,TIME IS NOT ON MY SIDE,00:03:15
Los Angeles," Dime, Dime",00:02:12
Los Albas ,Bugulu,00:02:19
LOS BRAVOS,BRING A LITTLE LOVIN',00:02:23
Los Roberts ,El Saltamontes,00:03:32
Los Sirex,El Tren de la Costa,00:03:28
Los Brincos,El Pasaporte,00:02:35
Los Sirex,YO GRITO,00:02:33
Los Salvajes,THESE BOOTS ARE MADE FOR WALKING,00:02:48
Los Salvajes,ES LA EDAD,00:03:20
THE PETS,EL ENTIERRO DE UN HOMBRE RICO QUE MURIO POBRE,00:03:05
MARCOS ROBERTO,O PRISIONEIRO,00:02:49
Los York's ,Abrázame,00:02:12
EDUARDO ARAUJO,"NEM SIM, NEM NAO",00:03:08
The Mystery Lights ,BEFORE YOU REALIZE IT,00:02:04
DR. EXPLOSION,ROMPI LA TELEVISION,00:02:15
THE PUDDIN HEADS,NOW YOU SAY WE'RE THROUGH,00:02:04
Ian Kay,It Didn't Takee Too Long,00:02:20
THE WOGGLES,PLEASE LEAVE MY MIND,00:02:38
THE WYLD GOONS,YOU DID ME WRONG,00:02:21
The Phantom Keys,TURN BLACK,00:02:28
"THE 5, 6, 7, 8'S",TEENAGE HEAD,00:02:52
THE THUNDERBEATS,SOMEBODY ISN'T FEELING,00:02:48
DR. EXPLOSION,LA CACA DE COLORES,00:03:14
VINICIUS & CONJUNTO DINAMITE,NAO QUERO O SEU AMOR,00:02:48
The Smoggers,She's Wicked,00:03:20
Wau y los Arrrghs!!!,"COPA, RAYA, PALIZA",00:03:03
ROBERT GORDON,THE WAY I WALK,00:02:48
The Cowslingers,I CAN TELL,00:02:05
LAS GRECAS,TE ESTOY AMANDO LOCAMENTE,00:03:11
ENCARNITA POLO,QUE CON EL TRAN,00:03:38
ZOMBIES,GROENLANDIA,00:03:45
RADIO FUTURA,ENAMORADO DE LA MODA JUVENIL,00:03:40
Los Ronaldos,SACA LA LENGUA,00:04:38
EJECUTIVOS AGRESIVOS,MARI PILI,00:03:57
PLASTIC BERTRAND,ÇA PLANE PUR MOI,00:03:02
THE B-52'S,LOVE SHACK,00:04:15
THE B-52'S,ROCK LOBSTER,00:03:58
BLONDIE,HEART OF GLASS,00:03:54
KIM WILDE,KIDS IN AMERICA,00:03:25
JANE'S ADDICTION,BEEN CAUGHT STEALING,00:03:34
EMF,UNBELIEVABLE,00:03:30
THE VINES,RIDE,00:02:36
THE BLACK CROWES,JEALOUS AGAIN,00:04:35
PIXIES,VELOURIA,00:03:40
HOSTIA PEDAGOGICA,ABAJO CON EL TRABAJO,00:03:52
THE DAMNED,SMASH IT UP,00:02:56
THE DAMNED,NEAT NEAT NEAT,00:02:42
Fundacion Francisco Frankenstein,NO ESTAMOS MUERTOS,00:04:57
ALIEN NOSEJOB,TELEVISION SETS ARE GOING CHEAP,00:02:02
DMZ,LIFT UP YOUR HOOD,00:01:44
STIV BATORS,IT'S COLD OUTSIDE,00:02:50
THE ROMANTICS,LO QUE ME GUSTA DE TI,00:02:56
THE KNACK,LET ME OUT,00:02:20
REZILLOS,TOP OF THE POPS,00:03:13
Elton Motello,POGO POGO,00:02:41
Lie Detectors,ME GUSTA LA CALLE,00:03:44
FABULOUS THUNDERBIRDS,I BELIEVE I'M IN LOVE,00:02:28
NEW RACE,CRYING SUN,00:02:51
NICK CURRAN,REEL ROCK PARTY,00:03:10
NESTER DONUTS,COCAINA,00:00:49
LOS INTRUSOS,YO SOLO QUIERO BAILAR ROCK AND ROLL,00:02:34
BLACK JOE LEWIS,BOBBY BOOSHAI,00:02:43
BUZZCOCKS,EVER FALLIN' IN LOVE,00:02:40
Private Function,"GOOD FIGHT, GOOD NIGHT",00:03:15
TEENAGE BOTTLEROCKET,SKAYE OR DIE,00:01:50
MACK RICE ,BABY I'M COMING HOME,00:02:12
PERCY SLEDGE,PUT A LITTLE LOVIN' ON ME,00:02:43
Baby Charles,BACK OF MY HAND,00:04:31
ANTIBALAS,CHE CHE COLÉ,00:04:08
LOS AFRICANOS,TOGEHTHER PEOPLE (PAMOJA WATU),00:02:58
ELIA Y ELIZABETH,ALEGRIA,00:04:00
THE GHETTO BROTHERS,GOT THIS HAPPY FEELING,00:04:36
TITO RAMIREZ,POWWER OF LOVE,00:03:40
BOOGALOO ASSASSINS,NO NO NO,00:03:50
NICO GOMEZ & HIS AFRO PERCUSSION INC.,LUPITA,00:03:42
SUNLIGHT SQUARE LATIN COMBO,I BELIEVE IN MIRACLES,00:03:57
The Sweet Vandals,TOO MUCH,00:04:23
THE DELTA RYTHM SECTION ,THE GETAWAY,00:02:59
RAMONCITO,"SI TU NO, LA OTRA",00:03:10
TITO RAMIREZ,POWWER OF LOVE,00:03:40
TITO RAMIREZ,HAVE TO SEE MA BABE,00:03:18
"CELIA, JOHNNY, JUSTO & PAPO",BESITO DE COCO,00:04:29
"CELIA, JOHNNY, JUSTO & PAPO",GUILLATE,00:05:38
ROMPERAYO,QUE TUMBA,00:03:15
ROMPERAYO,"HEY, NO TE FAJES",00:03:31
LOS FULANOS,BLUE MONDAY,00:03:28
LOS FULANOS,WHY DON'T WE DO SOME BOOGALOO,00:03:43
VIVA ZEQUEIRA,CHICA BOUM2:49,00:02:49
BOOGALOO ASSASSINS,NO NO NO,00:03:50
BOOGALOO ASSASSINS,EVIL WAYS (INSTRUMENTAL),00:02:55
LUCHITO,THE HARLEM BUGALÚ,00:03:46
JOAQUIN MARQUEZ,MALA MANIA,00:03:40
